,state,fy,pop
0,U.S.,2020,331511512
5,Alabama,2020,5031362
6,Alaska,2020,732923
7,Arizona,2020,7179943
8,Arkansas,2020,3014195
9,California,2020,39501653
10,Colorado,2020,5784865
11,Connecticut,2020,3597362
12,Delaware,2020,992114
14,Florida,2020,21589602
15,Georgia,2020,10729828
16,Hawaii,2020,1451043
17,Idaho,2020,1849202
18,Illinois,2020,12786580
19,Indiana,2020,6788799
20,Iowa,2020,3190571
21,Kansas,2020,2937919
22,Kentucky,2020,4507445
23,Louisiana,2020,4651664
24,Maine,2020,1363557
25,Maryland,2020,6173205
26,Massachusetts,2020,6995729
27,Michigan,2020,10069577
28,Minnesota,2020,5709852
29,Mississippi,2020,2958141
30,Missouri,2020,6153998
31,Montana,2020,1087075
32,Nebraska,2020,1962642
33,Nevada,2020,3115648
34,New Hampshire,2020,1378587
35,New Jersey,2020,9271689
36,New Mexico,2020,2118390
37,New York,2020,20108296
38,North Carolina,2020,10449445
39,North Dakota,2020,779518
40,Ohio,2020,11797517
41,Oklahoma,2020,3964912
42,Oregon,2020,4244795
43,Pennsylvania,2020,12994440
44,Rhode Island,2020,1096345
45,South Carolina,2020,5131848
46,South Dakota,2020,887799
47,Tennessee,2020,6925619
48,Texas,2020,29232474
49,Utah,2020,3283785
50,Vermont,2020,642893
51,Virginia,2020,8636471
52,Washington,2020,7724031
53,West Virginia,2020,1791420
54,Wisconsin,2020,5896271
55,Wyoming,2020,577605
63,U.S.,2021,332031554
68,Alabama,2021,5049846
69,Alaska,2021,734182
70,Arizona,2021,7264877
71,Arkansas,2021,3028122
72,California,2021,39142991
73,Colorado,2021,5811297
74,Connecticut,2021,3623355
75,Delaware,2021,1004807
77,Florida,2021,21828069
78,Georgia,2021,10788029
79,Hawaii,2021,1447154
80,Idaho,2021,1904314
81,Illinois,2021,12686469
82,Indiana,2021,6813532
83,Iowa,2021,3197689
84,Kansas,2021,2937922
85,Kentucky,2021,4506589
86,Louisiana,2021,4627098
87,Maine,2021,1377238
88,Maryland,2021,6174610
89,Massachusetts,2021,6989690
90,Michigan,2021,10037504
91,Minnesota,2021,5711471
92,Mississippi,2021,2949586
93,Missouri,2021,6169823
94,Montana,2021,1106227
95,Nebraska,2021,1963554
96,Nevada,2021,3146402
97,New Hampshire,2021,1387505
98,New Jersey,2021,9267961
99,New Mexico,2021,2116677
100,New York,2021,19857492
101,North Carolina,2021,10565885
102,North Dakota,2021,777934
103,Ohio,2021,11764342
104,Oklahoma,2021,3991225
105,Oregon,2021,4256301
106,Pennsylvania,2021,13012059
107,Rhode Island,2021,1096985
108,South Carolina,2021,5193266
109,South Dakota,2021,896164
110,Tennessee,2021,6968351
111,Texas,2021,29558864
112,Utah,2021,3339113
113,Vermont,2021,646972
114,Virginia,2021,8657365
115,Washington,2021,7740745
116,West Virginia,2021,1785526
117,Wisconsin,2021,5880101
118,Wyoming,2021,579483
126,U.S.,2022,333287557
131,Alabama,2022,5074296
132,Alaska,2022,733583
133,Arizona,2022,7359197
134,Arkansas,2022,3045637
135,California,2022,39029342
136,Colorado,2022,5839926
137,Connecticut,2022,3626205
138,Delaware,2022,1018396
140,Florida,2022,22244823
141,Georgia,2022,10912876
142,Hawaii,2022,1440196
143,Idaho,2022,1939033
144,Illinois,2022,12582032
145,Indiana,2022,6833037
146,Iowa,2022,3200517
147,Kansas,2022,2937150
148,Kentucky,2022,4512310
149,Louisiana,2022,4590241
150,Maine,2022,1385340
151,Maryland,2022,6164660
152,Massachusetts,2022,6981974
153,Michigan,2022,10034113
154,Minnesota,2022,5717184
155,Mississippi,2022,2940057
156,Missouri,2022,6177957
157,Montana,2022,1122867
158,Nebraska,2022,1967923
159,Nevada,2022,3177772
160,New Hampshire,2022,1395231
161,New Jersey,2022,9261699
162,New Mexico,2022,2113344
163,New York,2022,19677151
164,North Carolina,2022,10698973
165,North Dakota,2022,779261
166,Ohio,2022,11756058
167,Oklahoma,2022,4019800
168,Oregon,2022,4240137
169,Pennsylvania,2022,12972008
170,Rhode Island,2022,1093734
171,South Carolina,2022,5282634
172,South Dakota,2022,909824
173,Tennessee,2022,7051339
174,Texas,2022,30029572
175,Utah,2022,3380800
176,Vermont,2022,647064
177,Virginia,2022,8683619
178,Washington,2022,7785786
179,West Virginia,2022,1775156
180,Wisconsin,2022,5892539
181,Wyoming,2022,581381
0,U.S.,2010,309321666
5,Alabama,2010,4785437
6,Alaska,2010,713910
7,Arizona,2010,6407172
8,Arkansas,2010,2921964
9,California,2010,37319502
10,Colorado,2010,5047349
11,Connecticut,2010,3579114
12,Delaware,2010,899593
14,Florida,2010,18845537
15,Georgia,2010,9711881
16,Hawaii,2010,1363963
17,Idaho,2010,1570746
18,Illinois,2010,12840503
19,Indiana,2010,6490432
20,Iowa,2010,3050745
21,Kansas,2010,2858190
22,Kentucky,2010,4348181
23,Louisiana,2010,4544532
24,Maine,2010,1327629
25,Maryland,2010,5788645
26,Massachusetts,2010,6566307
27,Michigan,2010,9877510
28,Minnesota,2010,5310828
29,Mississippi,2010,2970548
30,Missouri,2010,5995974
31,Montana,2010,990697
32,Nebraska,2010,1829542
33,Nevada,2010,2702405
34,New Hampshire,2010,1316762
35,New Jersey,2010,8799446
36,New Mexico,2010,2064552
37,New York,2010,19399878
38,North Carolina,2010,9574323
39,North Dakota,2010,674715
40,Ohio,2010,11539336
41,Oklahoma,2010,3759944
42,Oregon,2010,3837491
43,Pennsylvania,2010,12711160
44,Rhode Island,2010,1053959
45,South Carolina,2010,4635649
46,South Dakota,2010,816166
47,Tennessee,2010,6355311
48,Texas,2010,25241971
49,Utah,2010,2775332
50,Vermont,2010,625879
51,Virginia,2010,8023699
52,Washington,2010,6742830
53,West Virginia,2010,1854239
54,Wisconsin,2010,5690475
55,Wyoming,2010,564487
57,U.S.,2011,311556874
62,Alabama,2011,4799069
63,Alaska,2011,722128
64,Arizona,2011,6472643
65,Arkansas,2011,2940667
66,California,2011,37638369
67,Colorado,2011,5121108
68,Connecticut,2011,3588283
69,Delaware,2011,907381
71,Florida,2011,19053237
72,Georgia,2011,9802431
73,Hawaii,2011,1379329
74,Idaho,2011,1583910
75,Illinois,2011,12867454
76,Indiana,2011,6516528
77,Iowa,2011,3066336
78,Kansas,2011,2869225
79,Kentucky,2011,4369821
80,Louisiana,2011,4575625
81,Maine,2011,1328284
82,Maryland,2011,5839419
83,Massachusetts,2011,6613583
84,Michigan,2011,9882412
85,Minnesota,2011,5346143
86,Mississippi,2011,2978731
87,Missouri,2011,6010275
88,Montana,2011,997316
89,Nebraska,2011,1840672
90,Nevada,2011,2712730
91,New Hampshire,2011,1320202
92,New Jersey,2011,8828117
93,New Mexico,2011,2080450
94,New York,2011,19499241
95,North Carolina,2011,9657592
96,North Dakota,2011,685225
97,Ohio,2011,11544663
98,Oklahoma,2011,3788379
99,Oregon,2011,3872036
100,Pennsylvania,2011,12745815
101,Rhode Island,2011,1053649
102,South Carolina,2011,4671994
103,South Dakota,2011,823579
104,Tennessee,2011,6399291
105,Texas,2011,25645629
106,Utah,2011,2814384
107,Vermont,2011,627049
108,Virginia,2011,8101155
109,Washington,2011,6826627
110,West Virginia,2011,1856301
111,Wisconsin,2011,5705288
112,Wyoming,2011,567299
114,U.S.,2012,313830990
119,Alabama,2012,4815588
120,Alaska,2012,730443
121,Arizona,2012,6554978
122,Arkansas,2012,2952164
123,California,2012,37948800
124,Colorado,2012,5192647
125,Connecticut,2012,3594547
126,Delaware,2012,915179
128,Florida,2012,19297822
129,Georgia,2012,9901430
130,Hawaii,2012,1394804
131,Idaho,2012,1595324
132,Illinois,2012,12882510
133,Indiana,2012,6537703
134,Iowa,2012,3076190
135,Kansas,2012,2885257
136,Kentucky,2012,4386346
137,Louisiana,2012,4600972
138,Maine,2012,1327729
139,Maryland,2012,5886992
140,Massachusetts,2012,6663005
141,Michigan,2012,9897145
142,Minnesota,2012,5376643
143,Mississippi,2012,2983816
144,Missouri,2012,6024367
145,Montana,2012,1003783
146,Nebraska,2012,1853303
147,Nevada,2012,2743996
148,New Hampshire,2012,1324232
149,New Jersey,2012,8844942
150,New Mexico,2012,2087309
151,New York,2012,19572932
152,North Carolina,2012,9749476
153,North Dakota,2012,701176
154,Ohio,2012,11548923
155,Oklahoma,2012,3818814
156,Oregon,2012,3899001
157,Pennsylvania,2012,12767118
158,Rhode Island,2012,1054621
159,South Carolina,2012,4717354
160,South Dakota,2012,833566
161,Tennessee,2012,6453898
162,Texas,2012,26084481
163,Utah,2012,2853375
164,Vermont,2012,626090
165,Virginia,2012,8185080
166,Washington,2012,6897058
167,West Virginia,2012,1856872
168,Wisconsin,2012,5719960
169,Wyoming,2012,576305
171,U.S.,2013,315993715
176,Alabama,2013,4830081
177,Alaska,2013,737068
178,Arizona,2013,6632764
179,Arkansas,2013,2959400
180,California,2013,38260787
181,Colorado,2013,5269035
182,Connecticut,2013,3594841
183,Delaware,2013,923576
185,Florida,2013,19545621
186,Georgia,2013,9972479
187,Hawaii,2013,1408243
188,Idaho,2013,1611206
189,Illinois,2013,12895129
190,Indiana,2013,6568713
191,Iowa,2013,3092997
192,Kansas,2013,2893212
193,Kentucky,2013,4404659
194,Louisiana,2013,4624527
195,Maine,2013,1328009
196,Maryland,2013,5923188
197,Massachusetts,2013,6713315
198,Michigan,2013,9913065
199,Minnesota,2013,5413479
200,Mississippi,2013,2988711
201,Missouri,2013,6040715
202,Montana,2013,1013569
203,Nebraska,2013,1865279
204,Nevada,2013,2775970
205,New Hampshire,2013,1326622
206,New Jersey,2013,8856972
207,New Mexico,2013,2092273
208,New York,2013,19624447
209,North Carolina,2013,9843336
210,North Dakota,2013,722036
211,Ohio,2013,11576684
212,Oklahoma,2013,3853214
213,Oregon,2013,3922468
214,Pennsylvania,2013,12776309
215,Rhode Island,2013,1055081
216,South Carolina,2013,4764080
217,South Dakota,2013,842316
218,Tennessee,2013,6494340
219,Texas,2013,26480266
220,Utah,2013,2897640
221,Vermont,2013,626210
222,Virginia,2013,8252427
223,Washington,2013,6963985
224,West Virginia,2013,1853914
225,Wisconsin,2013,5736754
226,Wyoming,2013,582122
228,U.S.,2014,318301008
233,Alabama,2014,4841799
234,Alaska,2014,736283
235,Arizona,2014,6730413
236,Arkansas,2014,2967392
237,California,2014,38596972
238,Colorado,2014,5350101
239,Connecticut,2014,3594524
240,Delaware,2014,932487
242,Florida,2014,19845911
243,Georgia,2014,10067278
244,Hawaii,2014,1414538
245,Idaho,2014,1631112
246,Illinois,2014,12884493
247,Indiana,2014,6593644
248,Iowa,2014,3109350
249,Kansas,2014,2900475
250,Kentucky,2014,4414349
251,Louisiana,2014,4644013
252,Maine,2014,1330513
253,Maryland,2014,5957283
254,Massachusetts,2014,6762596
255,Michigan,2014,9929848
256,Minnesota,2014,5451079
257,Mississippi,2014,2990468
258,Missouri,2014,6056202
259,Montana,2014,1021869
260,Nebraska,2014,1879321
261,Nevada,2014,2817628
262,New Hampshire,2014,1333341
263,New Jersey,2014,8864525
264,New Mexico,2014,2089568
265,New York,2014,19651049
266,North Carolina,2014,9932887
267,North Dakota,2014,737401
268,Ohio,2014,11602700
269,Oklahoma,2014,3878187
270,Oregon,2014,3963244
271,Pennsylvania,2014,12788313
272,Rhode Island,2014,1055936
273,South Carolina,2014,4823617
274,South Dakota,2014,849129
275,Tennessee,2014,6541223
276,Texas,2014,26964333
277,Utah,2014,2936879
278,Vermont,2014,625214
279,Virginia,2014,8310993
280,Washington,2014,7054655
281,West Virginia,2014,1849489
282,Wisconsin,2014,5751525
283,Wyoming,2014,582531
285,U.S.,2015,320635163
290,Alabama,2015,4852347
291,Alaska,2015,737498
292,Arizona,2015,6829676
293,Arkansas,2015,2978048
294,California,2015,38918045
295,Colorado,2015,5450623
296,Connecticut,2015,3587122
297,Delaware,2015,941252
299,Florida,2015,20209042
300,Georgia,2015,10178447
301,Hawaii,2015,1422052
302,Idaho,2015,1651059
303,Illinois,2015,12858913
304,Indiana,2015,6608422
305,Iowa,2015,3120960
306,Kansas,2015,2909011
307,Kentucky,2015,4425976
308,Louisiana,2015,4664628
309,Maine,2015,1328262
310,Maryland,2015,5985562
311,Massachusetts,2015,6794228
312,Michigan,2015,9931715
313,Minnesota,2015,5482032
314,Mississippi,2015,2988471
315,Missouri,2015,6071732
316,Montana,2015,1030475
317,Nebraska,2015,1891277
318,Nevada,2015,2866939
319,New Hampshire,2015,1336350
320,New Jersey,2015,8867949
321,New Mexico,2015,2089291
322,New York,2015,19654666
323,North Carolina,2015,10031646
324,North Dakota,2015,754066
325,Ohio,2015,11617527
326,Oklahoma,2015,3909500
327,Oregon,2015,4015792
328,Pennsylvania,2015,12784826
329,Rhode Island,2015,1056065
330,South Carolina,2015,4891938
331,South Dakota,2015,853988
332,Tennessee,2015,6591170
333,Texas,2015,27470056
334,Utah,2015,2981835
335,Vermont,2015,625216
336,Virginia,2015,8361808
337,Washington,2015,7163657
338,West Virginia,2015,1842050
339,Wisconsin,2015,5760940
340,Wyoming,2015,585613
342,U.S.,2016,322941311
347,Alabama,2016,4863525
348,Alaska,2016,741456
349,Arizona,2016,6941072
350,Arkansas,2016,2989918
351,California,2016,39167117
352,Colorado,2016,5539215
353,Connecticut,2016,3578141
354,Delaware,2016,948921
356,Florida,2016,20613477
357,Georgia,2016,10301890
358,Hawaii,2016,1427559
359,Idaho,2016,1682380
360,Illinois,2016,12820527
361,Indiana,2016,6634304
362,Iowa,2016,3131371
363,Kansas,2016,2910844
364,Kentucky,2016,4438182
365,Louisiana,2016,4678135
366,Maine,2016,1331317
367,Maryland,2016,6003323
368,Massachusetts,2016,6823608
369,Michigan,2016,9950571
370,Minnesota,2016,5522744
371,Mississippi,2016,2987938
372,Missouri,2016,6087135
373,Montana,2016,1040859
374,Nebraska,2016,1905616
375,Nevada,2016,2917563
376,New Hampshire,2016,1342307
377,New Jersey,2016,8870827
378,New Mexico,2016,2091630
379,New York,2016,19633428
380,North Carolina,2016,10154788
381,North Dakota,2016,754434
382,Ohio,2016,11634370
383,Oklahoma,2016,3926331
384,Oregon,2016,4089976
385,Pennsylvania,2016,12782275
386,Rhode Island,2016,1056770
387,South Carolina,2016,4957968
388,South Dakota,2016,862996
389,Tennessee,2016,6646010
390,Texas,2016,27914410
391,Utah,2016,3041868
392,Vermont,2016,623657
393,Virginia,2016,8410106
394,Washington,2016,7294771
395,West Virginia,2016,1831023
396,Wisconsin,2016,5772628
397,Wyoming,2016,584215
399,U.S.,2017,324985539
404,Alabama,2017,4874486
405,Alaska,2017,739700
406,Arizona,2017,7044008
407,Arkansas,2017,3001345
408,California,2017,39358497
409,Colorado,2017,5611885
410,Connecticut,2017,3573297
411,Delaware,2017,956823
413,Florida,2017,20963613
414,Georgia,2017,10410330
415,Hawaii,2017,1424393
416,Idaho,2017,1717715
417,Illinois,2017,12778828
418,Indiana,2017,6658078
419,Iowa,2017,3141550
420,Kansas,2017,2908718
421,Kentucky,2017,4452268
422,Louisiana,2017,4670560
423,Maine,2017,1334612
424,Maryland,2017,6023868
425,Massachusetts,2017,6859789
426,Michigan,2017,9973114
427,Minnesota,2017,5566230
428,Mississippi,2017,2988510
429,Missouri,2017,6106670
430,Montana,2017,1052482
431,Nebraska,2017,1915947
432,Nevada,2017,2969905
433,New Hampshire,2017,1348787
434,New Jersey,2017,8885525
435,New Mexico,2017,2091784
436,New York,2017,19589572
437,North Carolina,2017,10268233
438,North Dakota,2017,754942
439,Ohio,2017,11659650
440,Oklahoma,2017,3931316
441,Oregon,2017,4143625
442,Pennsylvania,2017,12787641
443,Rhode Island,2017,1055673
444,South Carolina,2017,5021268
445,South Dakota,2017,872868
446,Tennessee,2017,6708799
447,Texas,2017,28295273
448,Utah,2017,3101042
449,Vermont,2017,624344
450,Virginia,2017,8463587
451,Washington,2017,7423362
452,West Virginia,2017,1817004
453,Wisconsin,2017,5790186
454,Wyoming,2017,578931
456,U.S.,2018,326687501
461,Alabama,2018,4887681
462,Alaska,2018,735139
463,Arizona,2018,7158024
464,Arkansas,2018,3009733
465,California,2018,39461588
466,Colorado,2018,5691287
467,Connecticut,2018,3571520
468,Delaware,2018,965479
470,Florida,2018,21244317
471,Georgia,2018,10511131
472,Hawaii,2018,1420593
473,Idaho,2018,1750536
474,Illinois,2018,12723071
475,Indiana,2018,6695497
476,Iowa,2018,3148618
477,Kansas,2018,2911359
478,Kentucky,2018,4461153
479,Louisiana,2018,4659690
480,Maine,2018,1339057
481,Maryland,2018,6035802
482,Massachusetts,2018,6882635
483,Michigan,2018,9984072
484,Minnesota,2018,5606249
485,Mississippi,2018,2981020
486,Missouri,2018,6121623
487,Montana,2018,1060665
488,Nebraska,2018,1925614
489,Nevada,2018,3027341
490,New Hampshire,2018,1353465
491,New Jersey,2018,8886025
492,New Mexico,2018,2092741
493,New York,2018,19530351
494,North Carolina,2018,10381615
495,North Dakota,2018,758080
496,Ohio,2018,11676341
497,Oklahoma,2018,3940235
498,Oregon,2018,4181886
499,Pennsylvania,2018,12800922
500,Rhode Island,2018,1058287
501,South Carolina,2018,5084156
502,South Dakota,2018,878698
503,Tennessee,2018,6771631
504,Texas,2018,28628666
505,Utah,2018,3153550
506,Vermont,2018,624358
507,Virginia,2018,8501286
508,Washington,2018,7523869
509,West Virginia,2018,1804291
510,Wisconsin,2018,5807406
511,Wyoming,2018,577601
513,U.S.,2019,328239523
518,Alabama,2019,4903185
519,Alaska,2019,731545
520,Arizona,2019,7278717
521,Arkansas,2019,3017804
522,California,2019,39512223
523,Colorado,2019,5758736
524,Connecticut,2019,3565287
525,Delaware,2019,973764
527,Florida,2019,21477737
528,Georgia,2019,10617423
529,Hawaii,2019,1415872
530,Idaho,2019,1787065
531,Illinois,2019,12671821
532,Indiana,2019,6732219
533,Iowa,2019,3155070
534,Kansas,2019,2913314
535,Kentucky,2019,4467673
536,Louisiana,2019,4648794
537,Maine,2019,1344212
538,Maryland,2019,6045680
539,Massachusetts,2019,6892503
540,Michigan,2019,9986857
541,Minnesota,2019,5639632
542,Mississippi,2019,2976149
543,Missouri,2019,6137428
544,Montana,2019,1068778
545,Nebraska,2019,1934408
546,Nevada,2019,3080156
547,New Hampshire,2019,1359711
548,New Jersey,2019,8882190
549,New Mexico,2019,2096829
550,New York,2019,19453561
551,North Carolina,2019,10488084
552,North Dakota,2019,762062
553,Ohio,2019,11689100
554,Oklahoma,2019,3956971
555,Oregon,2019,4217737
556,Pennsylvania,2019,12801989
557,Rhode Island,2019,1059361
558,South Carolina,2019,5148714
559,South Dakota,2019,884659
560,Tennessee,2019,6829174
561,Texas,2019,28995881
562,Utah,2019,3205958
563,Vermont,2019,623989
564,Virginia,2019,8535519
565,Washington,2019,7614893
566,West Virginia,2019,1792147
567,Wisconsin,2019,5822434
568,Wyoming,2019,578759
0,U.S.,2000,282162411
5,Alabama,2000,4452173
6,Alaska,2000,627963
7,Arizona,2000,5160586
8,Arkansas,2000,2678588
9,California,2000,33987977
10,Colorado,2000,4326921
11,Connecticut,2000,3411777
12,Delaware,2000,786373
14,Florida,2000,16047515
15,Georgia,2000,8227303
16,Hawaii,2000,1213519
17,Idaho,2000,1299430
18,Illinois,2000,12434161
19,Indiana,2000,6091866
20,Iowa,2000,2929067
21,Kansas,2000,2693681
22,Kentucky,2000,4049021
23,Louisiana,2000,4471885
24,Maine,2000,1277072
25,Maryland,2000,5311034
26,Massachusetts,2000,6361104
27,Michigan,2000,9952450
28,Minnesota,2000,4933692
29,Mississippi,2000,2848353
30,Missouri,2000,5607285
31,Montana,2000,903773
32,Nebraska,2000,1713820
33,Nevada,2000,2018741
34,New Hampshire,2000,1239882
35,New Jersey,2000,8430621
36,New Mexico,2000,1821204
37,New York,2000,19001780
38,North Carolina,2000,8081614
39,North Dakota,2000,642023
40,Ohio,2000,11363543
41,Oklahoma,2000,3454365
42,Oregon,2000,3429708
43,Pennsylvania,2000,12284173
44,Rhode Island,2000,1050268
45,South Carolina,2000,4024223
46,South Dakota,2000,755844
47,Tennessee,2000,5703719
48,Texas,2000,20944499
49,Utah,2000,2244502
50,Vermont,2000,609618
51,Virginia,2000,7105817
52,Washington,2000,5910512
53,West Virginia,2000,1807021
54,Wisconsin,2000,5373999
55,Wyoming,2000,494300
66,U.S.,2001,284968955
71,Alabama,2001,4467634
72,Alaska,2001,633714
73,Arizona,2001,5273477
74,Arkansas,2001,2691571
75,California,2001,34479458
76,Colorado,2001,4425687
77,Connecticut,2001,3432835
78,Delaware,2001,795699
80,Florida,2001,16356966
81,Georgia,2001,8377038
82,Hawaii,2001,1225948
83,Idaho,2001,1319962
84,Illinois,2001,12488445
85,Indiana,2001,6127760
86,Iowa,2001,2931997
87,Kansas,2001,2702162
88,Kentucky,2001,4068132
89,Louisiana,2001,4477875
90,Maine,2001,1285692
91,Maryland,2001,5374691
92,Massachusetts,2001,6397634
93,Michigan,2001,9991120
94,Minnesota,2001,4982796
95,Mississippi,2001,2852994
96,Missouri,2001,5641142
97,Montana,2001,906961
98,Nebraska,2001,1719836
99,Nevada,2001,2098399
100,New Hampshire,2001,1255517
101,New Jersey,2001,8492671
102,New Mexico,2001,1831690
103,New York,2001,19082838
104,North Carolina,2001,8210122
105,North Dakota,2001,639062
106,Ohio,2001,11387404
107,Oklahoma,2001,3467100
108,Oregon,2001,3467937
109,Pennsylvania,2001,12298970
110,Rhode Island,2001,1057142
111,South Carolina,2001,4064995
112,South Dakota,2001,757972
113,Tennessee,2001,5750789
114,Texas,2001,21319622
115,Utah,2001,2283715
116,Vermont,2001,612223
117,Virginia,2001,7198362
118,Washington,2001,5985722
119,West Virginia,2001,1801481
120,Wisconsin,2001,5406835
121,Wyoming,2001,494657
132,U.S.,2002,287625193
137,Alabama,2002,4480089
138,Alaska,2002,642337
139,Arizona,2002,5396255
140,Arkansas,2002,2705927
141,California,2002,34871843
142,Colorado,2002,4490406
143,Connecticut,2002,3458749
144,Delaware,2002,806169
146,Florida,2002,16689370
147,Georgia,2002,8508256
148,Hawaii,2002,1239613
149,Idaho,2002,1340372
150,Illinois,2002,12525556
151,Indiana,2002,6155967
152,Iowa,2002,2934234
153,Kansas,2002,2713535
154,Kentucky,2002,4089875
155,Louisiana,2002,4497267
156,Maine,2002,1295960
157,Maryland,2002,5440389
158,Massachusetts,2002,6417206
159,Michigan,2002,10015710
160,Minnesota,2002,5018935
161,Mississippi,2002,2858681
162,Missouri,2002,5674825
163,Montana,2002,911667
164,Nebraska,2002,1728292
165,Nevada,2002,2173791
166,New Hampshire,2002,1269089
167,New Jersey,2002,8552643
168,New Mexico,2002,1855309
169,New York,2002,19137800
170,North Carolina,2002,8326201
171,North Dakota,2002,638168
172,Ohio,2002,11407889
173,Oklahoma,2002,3489080
174,Oregon,2002,3513424
175,Pennsylvania,2002,12331031
176,Rhode Island,2002,1065995
177,South Carolina,2002,4107795
178,South Dakota,2002,760020
179,Tennessee,2002,5795918
180,Texas,2002,21690325
181,Utah,2002,2324815
182,Vermont,2002,615442
183,Virginia,2002,7286873
184,Washington,2002,6052349
185,West Virginia,2002,1805414
186,Wisconsin,2002,5445162
187,Wyoming,2002,500017
198,U.S.,2003,290107933
203,Alabama,2003,4503491
204,Alaska,2003,648414
205,Arizona,2003,5510364
206,Arkansas,2003,2724816
207,California,2003,35253159
208,Colorado,2003,4528732
209,Connecticut,2003,3484336
210,Delaware,2003,818003
212,Florida,2003,17004085
213,Georgia,2003,8622793
214,Hawaii,2003,1251154
215,Idaho,2003,1363380
216,Illinois,2003,12556006
217,Indiana,2003,6196638
218,Iowa,2003,2941999
219,Kansas,2003,2723004
220,Kentucky,2003,4117170
221,Louisiana,2003,4521042
222,Maine,2003,1306513
223,Maryland,2003,5496269
224,Massachusetts,2003,6422565
225,Michigan,2003,10041152
226,Minnesota,2003,5053572
227,Mississippi,2003,2868312
228,Missouri,2003,5709403
229,Montana,2003,919630
230,Nebraska,2003,1738643
231,Nevada,2003,2248850
232,New Hampshire,2003,1279840
233,New Jersey,2003,8601402
234,New Mexico,2003,1877574
235,New York,2003,19175939
236,North Carolina,2003,8422501
237,North Dakota,2003,638817
238,Ohio,2003,11434788
239,Oklahoma,2003,3504892
240,Oregon,2003,3547376
241,Pennsylvania,2003,12374658
242,Rhode Island,2003,1071342
243,South Carolina,2003,4150297
244,South Dakota,2003,763729
245,Tennessee,2003,5847812
246,Texas,2003,22030931
247,Utah,2003,2360137
248,Vermont,2003,617858
249,Virginia,2003,7366977
250,Washington,2003,6104115
251,West Virginia,2003,1812295
252,Wisconsin,2003,5479203
253,Wyoming,2003,503453
264,U.S.,2004,292805298
269,Alabama,2004,4530729
270,Alaska,2004,659286
271,Arizona,2004,5652404
272,Arkansas,2004,2749686
273,California,2004,35574576
274,Colorado,2004,4575013
275,Connecticut,2004,3496094
276,Delaware,2004,830803
278,Florida,2004,17415318
279,Georgia,2004,8769252
280,Hawaii,2004,1273569
281,Idaho,2004,1391802
282,Illinois,2004,12589773
283,Indiana,2004,6233007
284,Iowa,2004,2953635
285,Kansas,2004,2734373
286,Kentucky,2004,4146101
287,Louisiana,2004,4552238
288,Maine,2004,1313688
289,Maryland,2004,5546935
290,Massachusetts,2004,6412281
291,Michigan,2004,10055315
292,Minnesota,2004,5087713
293,Mississippi,2004,2889010
294,Missouri,2004,5747741
295,Montana,2004,930009
296,Nebraska,2004,1749370
297,Nevada,2004,2346222
298,New Hampshire,2004,1290121
299,New Jersey,2004,8634561
300,New Mexico,2004,1903808
301,New York,2004,19171567
302,North Carolina,2004,8553152
303,North Dakota,2004,644705
304,Ohio,2004,11452251
305,Oklahoma,2004,3525233
306,Oregon,2004,3569463
307,Pennsylvania,2004,12410722
308,Rhode Island,2004,1074579
309,South Carolina,2004,4210921
310,South Dakota,2004,770396
311,Tennessee,2004,5910809
312,Texas,2004,22394023
313,Utah,2004,2401580
314,Vermont,2004,619920
315,Virginia,2004,7475575
316,Washington,2004,6178645
317,West Virginia,2004,1816438
318,Wisconsin,2004,5514026
319,Wyoming,2004,509106
330,U.S.,2005,295516599
335,Alabama,2005,4569805
336,Alaska,2005,666946
337,Arizona,2005,5839077
338,Arkansas,2005,2781097
339,California,2005,35827943
340,Colorado,2005,4631888
341,Connecticut,2005,3506956
342,Delaware,2005,845150
344,Florida,2005,17842038
345,Georgia,2005,8925922
346,Hawaii,2005,1292729
347,Idaho,2005,1428241
348,Illinois,2005,12609903
349,Indiana,2005,6278616
350,Iowa,2005,2964454
351,Kansas,2005,2745299
352,Kentucky,2005,4182742
353,Louisiana,2005,4576628
354,Maine,2005,1318787
355,Maryland,2005,5592379
356,Massachusetts,2005,6403290
357,Michigan,2005,10051137
358,Minnesota,2005,5119598
359,Mississippi,2005,2905943
360,Missouri,2005,5790300
361,Montana,2005,940102
362,Nebraska,2005,1761497
363,Nevada,2005,2432143
364,New Hampshire,2005,1298492
365,New Jersey,2005,8651974
366,New Mexico,2005,1932274
367,New York,2005,19132610
368,North Carolina,2005,8705407
369,North Dakota,2005,646089
370,Ohio,2005,11463320
371,Oklahoma,2005,3548597
372,Oregon,2005,3613202
373,Pennsylvania,2005,12449990
374,Rhode Island,2005,1067916
375,South Carolina,2005,4270150
376,South Dakota,2005,775493
377,Tennessee,2005,5991057
378,Texas,2005,22778123
379,Utah,2005,2457719
380,Vermont,2005,621215
381,Virginia,2005,7577105
382,Washington,2005,6257305
383,West Virginia,2005,1820492
384,Wisconsin,2005,5546166
385,Wyoming,2005,514157
396,U.S.,2006,298379912
401,Alabama,2006,4628981
402,Alaska,2006,675302
403,Arizona,2006,6029141
404,Arkansas,2006,2821761
405,California,2006,36021202
406,Colorado,2006,4720423
407,Connecticut,2006,3517460
408,Delaware,2006,859268
410,Florida,2006,18166990
411,Georgia,2006,9155813
412,Hawaii,2006,1309731
413,Idaho,2006,1468669
414,Illinois,2006,12643955
415,Indiana,2006,6332669
416,Iowa,2006,2982644
417,Kansas,2006,2762931
418,Kentucky,2006,4219239
419,Louisiana,2006,4302665
420,Maine,2006,1323619
421,Maryland,2006,5627367
422,Massachusetts,2006,6410084
423,Michigan,2006,10036081
424,Minnesota,2006,5163555
425,Mississippi,2006,2904978
426,Missouri,2006,5842704
427,Montana,2006,952692
428,Nebraska,2006,1772693
429,Nevada,2006,2522658
430,New Hampshire,2006,1308389
431,New Jersey,2006,8661679
432,New Mexico,2006,1962137
433,New York,2006,19104631
434,North Carolina,2006,8917270
435,North Dakota,2006,649422
436,Ohio,2006,11481213
437,Oklahoma,2006,3594090
438,Oregon,2006,3670883
439,Pennsylvania,2006,12510809
440,Rhode Island,2006,1063096
441,South Carolina,2006,4357847
442,South Dakota,2006,783033
443,Tennessee,2006,6088766
444,Texas,2006,23359580
445,Utah,2006,2525507
446,Vermont,2006,622892
447,Virginia,2006,7673725
448,Washington,2006,6370753
449,West Virginia,2006,1827912
450,Wisconsin,2006,5577655
451,Wyoming,2006,522667
462,U.S.,2007,301231207
467,Alabama,2007,4672840
468,Alaska,2007,680300
469,Arizona,2007,6167681
470,Arkansas,2007,2848650
471,California,2007,36250311
472,Colorado,2007,4803868
473,Connecticut,2007,3527270
474,Delaware,2007,871749
476,Florida,2007,18367842
477,Georgia,2007,9349988
478,Hawaii,2007,1315675
479,Idaho,2007,1505105
480,Illinois,2007,12695866
481,Indiana,2007,6379599
482,Iowa,2007,2999212
483,Kansas,2007,2783785
484,Kentucky,2007,4256672
485,Louisiana,2007,4375581
486,Maine,2007,1327040
487,Maryland,2007,5653408
488,Massachusetts,2007,6431559
489,Michigan,2007,10001284
490,Minnesota,2007,5207203
491,Mississippi,2007,2928350
492,Missouri,2007,5887612
493,Montana,2007,964706
494,Nebraska,2007,1783440
495,Nevada,2007,2601072
496,New Hampshire,2007,1312540
497,New Jersey,2007,8677885
498,New Mexico,2007,1990070
499,New York,2007,19132335
500,North Carolina,2007,9118037
501,North Dakota,2007,652822
502,Ohio,2007,11500468
503,Oklahoma,2007,3634349
504,Oregon,2007,3722417
505,Pennsylvania,2007,12563937
506,Rhode Island,2007,1057315
507,South Carolina,2007,4444110
508,South Dakota,2007,791623
509,Tennessee,2007,6175727
510,Texas,2007,23831983
511,Utah,2007,2597746
512,Vermont,2007,623481
513,Virginia,2007,7751000
514,Washington,2007,6461587
515,West Virginia,2007,1834052
516,Wisconsin,2007,5610775
517,Wyoming,2007,534876
528,U.S.,2008,304093966
533,Alabama,2008,4718206
534,Alaska,2008,687455
535,Arizona,2008,6280362
536,Arkansas,2008,2874554
537,California,2008,36604337
538,Colorado,2008,4889730
539,Connecticut,2008,3545579
540,Delaware,2008,883874
542,Florida,2008,18527305
543,Georgia,2008,9504843
544,Hawaii,2008,1332213
545,Idaho,2008,1534320
546,Illinois,2008,12747038
547,Indiana,2008,6424806
548,Iowa,2008,3016734
549,Kansas,2008,2808076
550,Kentucky,2008,4289878
551,Louisiana,2008,4435586
552,Maine,2008,1330509
553,Maryland,2008,5684965
554,Massachusetts,2008,6468967
555,Michigan,2008,9946889
556,Minnesota,2008,5247018
557,Mississippi,2008,2947806
558,Missouri,2008,5923916
559,Montana,2008,976415
560,Nebraska,2008,1796378
561,Nevada,2008,2653630
562,New Hampshire,2008,1315906
563,New Jersey,2008,8711090
564,New Mexico,2008,2010662
565,New York,2008,19212436
566,North Carolina,2008,9309449
567,North Dakota,2008,657569
568,Ohio,2008,11515391
569,Oklahoma,2008,3668976
570,Oregon,2008,3768748
571,Pennsylvania,2008,12612285
572,Rhode Island,2008,1055003
573,South Carolina,2008,4528996
574,South Dakota,2008,799124
575,Tennessee,2008,6247411
576,Texas,2008,24309039
577,Utah,2008,2663029
578,Vermont,2008,624151
579,Virginia,2008,7833496
580,Washington,2008,6562231
581,West Virginia,2008,1840310
582,Wisconsin,2008,5640996
583,Wyoming,2008,546043
594,U.S.,2009,306771529
599,Alabama,2009,4757938
600,Alaska,2009,698895
601,Arizona,2009,6343154
602,Arkansas,2009,2896843
603,California,2009,36961229
604,Colorado,2009,4972195
605,Connecticut,2009,3561807
606,Delaware,2009,891730
608,Florida,2009,18652644
609,Georgia,2009,9620846
610,Hawaii,2009,1346717
611,Idaho,2009,1554439
612,Illinois,2009,12796778
613,Indiana,2009,6459325
614,Iowa,2009,3032870
615,Kansas,2009,2832704
616,Kentucky,2009,4317074
617,Louisiana,2009,4491648
618,Maine,2009,1329590
619,Maryland,2009,5730388
620,Massachusetts,2009,6517613
621,Michigan,2009,9901591
622,Minnesota,2009,5281203
623,Mississippi,2009,2958774
624,Missouri,2009,5961088
625,Montana,2009,983982
626,Nebraska,2009,1812683
627,Nevada,2009,2684665
628,New Hampshire,2009,1316102
629,New Jersey,2009,8755602
630,New Mexico,2009,2036802
631,New York,2009,19307066
632,North Carolina,2009,9449566
633,North Dakota,2009,664968
634,Ohio,2009,11528896
635,Oklahoma,2009,3717572
636,Oregon,2009,3808600
637,Pennsylvania,2009,12666858
638,Rhode Island,2009,1053646
639,South Carolina,2009,4589872
640,South Dakota,2009,807067
641,Tennessee,2009,6306019
642,Texas,2009,24801761
643,Utah,2009,2723421
644,Vermont,2009,624817
645,Virginia,2009,7925937
646,Washington,2009,6667426
647,West Virginia,2009,1847775
648,Wisconsin,2009,5669264
649,Wyoming,2009,559851
0,U.S.,1990,249622814
1,Alabama,1990,4050055
2,Alaska,1990,553290
3,Arizona,1990,3684097
4,Arkansas,1990,2356586
5,California,1990,29959515
6,Colorado,1990,3307618
7,Connecticut,1990,3291967
8,Delaware,1990,669567
10,Florida,1990,13033307
11,Georgia,1990,6512602
12,Hawaii,1990,1113491
13,Idaho,1990,1012384
14,Illinois,1990,11453316
15,Indiana,1990,5557798
16,Iowa,1990,2781018
17,Kansas,1990,2481349
18,Kentucky,1990,3694048
19,Louisiana,1990,4221532
20,Maine,1990,1231719
21,Maryland,1990,4799770
22,Massachusetts,1990,6022639
23,Michigan,1990,9311319
24,Minnesota,1990,4389857
25,Mississippi,1990,2578897
26,Missouri,1990,5128880
27,Montana,1990,800204
28,Nebraska,1990,1581660
29,Nevada,1990,1220695
30,New Hampshire,1990,1112384
31,New Jersey,1990,7762963
32,New Mexico,1990,1521574
33,New York,1990,18020784
34,North Carolina,1990,6664016
35,North Dakota,1990,637685
36,Ohio,1990,10864162
37,Oklahoma,1990,3148825
38,Oregon,1990,2860375
39,Pennsylvania,1990,11903299
40,Rhode Island,1990,1005995
41,South Carolina,1990,3501155
42,South Dakota,1990,697101
43,Tennessee,1990,4894492
44,Texas,1990,17056755
45,Utah,1990,1731223
46,Vermont,1990,564798
47,Virginia,1990,6216884
48,Washington,1990,4903043
49,West Virginia,1990,1792548
50,Wisconsin,1990,4904562
51,Wyoming,1990,453690
52,U.S.,1991,252980941
53,Alabama,1991,4099156
54,Alaska,1991,570193
55,Arizona,1991,3788576
56,Arkansas,1991,2383144
57,California,1991,30470736
58,Colorado,1991,3387119
59,Connecticut,1991,3302895
60,Delaware,1991,683080
62,Florida,1991,13369798
63,Georgia,1991,6653005
64,Hawaii,1991,1136754
65,Idaho,1991,1041316
66,Illinois,1991,11568964
67,Indiana,1991,5616388
68,Iowa,1991,2797613
69,Kansas,1991,2498722
70,Kentucky,1991,3722328
71,Louisiana,1991,4253279
72,Maine,1991,1237081
73,Maryland,1991,4867641
74,Massachusetts,1991,6018470
75,Michigan,1991,9400446
76,Minnesota,1991,4440859
77,Mississippi,1991,2598733
78,Missouri,1991,5170800
79,Montana,1991,809680
80,Nebraska,1991,1595919
81,Nevada,1991,1296171
82,New Hampshire,1991,1109929
83,New Jersey,1991,7814676
84,New Mexico,1991,1555305
85,New York,1991,18122510
86,North Carolina,1991,6784280
87,North Dakota,1991,635753
88,Ohio,1991,10945762
89,Oklahoma,1991,3175440
90,Oregon,1991,2928507
91,Pennsylvania,1991,11982164
92,Rhode Island,1991,1010649
93,South Carolina,1991,3570404
94,South Dakota,1991,703669
95,Tennessee,1991,4966587
96,Texas,1991,17398005
97,Utah,1991,1779780
98,Vermont,1991,568606
99,Virginia,1991,6301217
100,Washington,1991,5025624
101,West Virginia,1991,1798735
102,Wisconsin,1991,4964343
103,Wyoming,1991,459260
104,U.S.,1992,256514224
105,Alabama,1992,4154014
106,Alaska,1992,588736
107,Arizona,1992,3915740
108,Arkansas,1992,2415984
109,California,1992,30974659
110,Colorado,1992,3495939
111,Connecticut,1992,3300712
112,Delaware,1992,694925
114,Florida,1992,13650553
115,Georgia,1992,6817203
116,Hawaii,1992,1158613
117,Idaho,1992,1071685
118,Illinois,1992,11694184
119,Indiana,1992,5674547
120,Iowa,1992,2818401
121,Kansas,1992,2532394
122,Kentucky,1992,3765469
123,Louisiana,1992,4293003
124,Maine,1992,1238508
125,Maryland,1992,4923368
126,Massachusetts,1992,6028709
127,Michigan,1992,9479065
128,Minnesota,1992,4495572
129,Mississippi,1992,2623734
130,Missouri,1992,5217101
131,Montana,1992,825770
132,Nebraska,1992,1611687
133,Nevada,1992,1351367
134,New Hampshire,1992,1117784
135,New Jersey,1992,7880508
136,New Mexico,1992,1595442
137,New York,1992,18246653
138,North Carolina,1992,6897214
139,North Dakota,1992,638223
140,Ohio,1992,11029431
141,Oklahoma,1992,3220517
142,Oregon,1992,2991755
143,Pennsylvania,1992,12049450
144,Rhode Island,1992,1012581
145,South Carolina,1992,3620464
146,South Dakota,1992,712801
147,Tennessee,1992,5049742
148,Texas,1992,17759738
149,Utah,1992,1836799
150,Vermont,1992,572751
151,Virginia,1992,6414307
152,Washington,1992,5160757
153,West Virginia,1992,1806451
154,Wisconsin,1992,5025398
155,Wyoming,1992,466251
156,U.S.,1993,259918588
157,Alabama,1993,4214202
158,Alaska,1993,599432
159,Arizona,1993,4065440
160,Arkansas,1993,2456303
161,California,1993,31274928
162,Colorado,1993,3613734
163,Connecticut,1993,3309175
164,Delaware,1993,706378
166,Florida,1993,13927185
167,Georgia,1993,6978240
168,Hawaii,1993,1172838
169,Idaho,1993,1108768
170,Illinois,1993,11809579
171,Indiana,1993,5739019
172,Iowa,1993,2836972
173,Kansas,1993,2556547
174,Kentucky,1993,3812206
175,Louisiana,1993,4316428
176,Maine,1993,1242302
177,Maryland,1993,4971889
178,Massachusetts,1993,6060569
179,Michigan,1993,9540114
180,Minnesota,1993,4555954
181,Mississippi,1993,2655100
182,Missouri,1993,5271175
183,Montana,1993,844761
184,Nebraska,1993,1625590
185,Nevada,1993,1411215
186,New Hampshire,1993,1129458
187,New Jersey,1993,7948915
188,New Mexico,1993,1636453
189,New York,1993,18374954
190,North Carolina,1993,7042818
191,North Dakota,1993,641216
192,Ohio,1993,11101140
193,Oklahoma,1993,3252285
194,Oregon,1993,3060367
195,Pennsylvania,1993,12119724
196,Rhode Island,1993,1015112
197,South Carolina,1993,3663314
198,South Dakota,1993,722159
199,Tennessee,1993,5137584
200,Texas,1993,18161612
201,Utah,1993,1898404
202,Vermont,1993,577748
203,Virginia,1993,6509630
204,Washington,1993,5278842
205,West Virginia,1993,1817539
206,Wisconsin,1993,5084889
207,Wyoming,1993,473081
208,U.S.,1994,263125821
209,Alabama,1994,4260229
210,Alaska,1994,603308
211,Arizona,1994,4245089
212,Arkansas,1994,2494019
213,California,1994,31484435
214,Colorado,1994,3724168
215,Connecticut,1994,3316121
216,Delaware,1994,717545
218,Florida,1994,14239444
219,Georgia,1994,7157165
220,Hawaii,1994,1187536
221,Idaho,1994,1145140
222,Illinois,1994,11912585
223,Indiana,1994,5793526
224,Iowa,1994,2850746
225,Kansas,1994,2580513
226,Kentucky,1994,3849088
227,Louisiana,1994,4347481
228,Maine,1994,1242662
229,Maryland,1994,5023060
230,Massachusetts,1994,6095241
231,Michigan,1994,9597737
232,Minnesota,1994,4610355
233,Mississippi,1994,2688992
234,Missouri,1994,5324497
235,Montana,1994,861306
236,Nebraska,1994,1639041
237,Nevada,1994,1499298
238,New Hampshire,1994,1142560
239,New Jersey,1994,8014306
240,New Mexico,1994,1682398
241,New York,1994,18459470
242,North Carolina,1994,7187398
243,North Dakota,1994,644804
244,Ohio,1994,11152454
245,Oklahoma,1994,3280940
246,Oregon,1994,3121264
247,Pennsylvania,1994,12166050
248,Rhode Island,1994,1015960
249,South Carolina,1994,3705397
250,South Dakota,1994,730790
251,Tennessee,1994,5231438
252,Texas,1994,18564062
253,Utah,1994,1960446
254,Vermont,1994,583836
255,Virginia,1994,6593139
256,Washington,1994,5375161
257,West Virginia,1994,1820421
258,Wisconsin,1994,5133678
259,Wyoming,1994,480283
260,U.S.,1995,266278393
261,Alabama,1995,4296800
262,Alaska,1995,604412
263,Arizona,1995,4432499
264,Arkansas,1995,2535399
265,California,1995,31696582
266,Colorado,1995,3826653
267,Connecticut,1995,3324144
268,Delaware,1995,729734
270,Florida,1995,14537875
271,Georgia,1995,7328413
272,Hawaii,1995,1196854
273,Idaho,1995,1177322
274,Illinois,1995,12008437
275,Indiana,1995,5851459
276,Iowa,1995,2867373
277,Kansas,1995,2601007
278,Kentucky,1995,3887427
279,Louisiana,1995,4378779
280,Maine,1995,1243480
281,Maryland,1995,5070033
282,Massachusetts,1995,6141445
283,Michigan,1995,9676211
284,Minnesota,1995,4660180
285,Mississippi,1995,2722659
286,Missouri,1995,5378247
287,Montana,1995,876553
288,Nebraska,1995,1656992
289,Nevada,1995,1581578
290,New Hampshire,1995,1157561
291,New Jersey,1995,8083242
292,New Mexico,1995,1720394
293,New York,1995,18524104
294,North Carolina,1995,7344674
295,North Dakota,1995,647832
296,Ohio,1995,11202751
297,Oklahoma,1995,3308208
298,Oregon,1995,3184369
299,Pennsylvania,1995,12198403
300,Rhode Island,1995,1017002
301,South Carolina,1995,3748582
302,South Dakota,1995,737925
303,Tennessee,1995,5326936
304,Texas,1995,18958751
305,Utah,1995,2014177
306,Vermont,1995,589002
307,Virginia,1995,6670693
308,Washington,1995,5481027
309,West Virginia,1995,1823700
310,Wisconsin,1995,5184836
311,Wyoming,1995,485160
312,U.S.,1996,269394284
313,Alabama,1996,4331102
314,Alaska,1996,608569
315,Arizona,1996,4586940
316,Arkansas,1996,2572109
317,California,1996,32018834
318,Colorado,1996,3919972
319,Connecticut,1996,3336685
320,Delaware,1996,740977
322,Florida,1996,14853360
323,Georgia,1996,7501069
324,Hawaii,1996,1203755
325,Idaho,1996,1203083
326,Illinois,1996,12101997
327,Indiana,1996,5906013
328,Iowa,1996,2880000
329,Kansas,1996,2614554
330,Kentucky,1996,3919535
331,Louisiana,1996,4398877
332,Maine,1996,1249060
333,Maryland,1996,5111986
334,Massachusetts,1996,6179756
335,Michigan,1996,9758645
336,Minnesota,1996,4712827
337,Mississippi,1996,2748085
338,Missouri,1996,5431553
339,Montana,1996,886254
340,Nebraska,1996,1673740
341,Nevada,1996,1666320
342,New Hampshire,1996,1174719
343,New Jersey,1996,8149596
344,New Mexico,1996,1752326
345,New York,1996,18588460
346,North Carolina,1996,7500670
347,North Dakota,1996,650382
348,Ohio,1996,11242827
349,Oklahoma,1996,3340129
350,Oregon,1996,3247111
351,Pennsylvania,1996,12220464
352,Rhode Island,1996,1020893
353,South Carolina,1996,3796200
354,South Dakota,1996,742213
355,Tennessee,1996,5416643
356,Texas,1996,19340342
357,Utah,1996,2067976
358,Vermont,1996,593701
359,Virginia,1996,6750884
360,Washington,1996,5569753
361,West Virginia,1996,1822808
362,Wisconsin,1996,5229986
363,Wyoming,1996,488167
364,U.S.,1997,272646925
365,Alabama,1997,4367935
366,Alaska,1997,612968
367,Arizona,1997,4736990
368,Arkansas,1997,2601090
369,California,1997,32486010
370,Colorado,1997,4018293
371,Connecticut,1997,3349348
372,Delaware,1997,751487
374,Florida,1997,15186304
375,Georgia,1997,7685099
376,Hawaii,1997,1211640
377,Idaho,1997,1228520
378,Illinois,1997,12185715
379,Indiana,1997,5955267
380,Iowa,1997,2891119
381,Kansas,1997,2635292
382,Kentucky,1997,3952747
383,Louisiana,1997,4421071
384,Maine,1997,1254774
385,Maryland,1997,5157328
386,Massachusetts,1997,6226058
387,Michigan,1997,9809051
388,Minnesota,1997,4763390
389,Mississippi,1997,2777004
390,Missouri,1997,5481193
391,Montana,1997,889865
392,Nebraska,1997,1686418
393,Nevada,1997,1764104
394,New Hampshire,1997,1189425
395,New Jersey,1997,8218808
396,New Mexico,1997,1774839
397,New York,1997,18656546
398,North Carolina,1997,7656825
399,North Dakota,1997,649716
400,Ohio,1997,11277357
401,Oklahoma,1997,3372917
402,Oregon,1997,3304310
403,Pennsylvania,1997,12227814
404,Rhode Island,1997,1025353
405,South Carolina,1997,3859696
406,South Dakota,1997,744223
407,Tennessee,1997,5499233
408,Texas,1997,19740317
409,Utah,1997,2119784
410,Vermont,1997,597239
411,Virginia,1997,6829183
412,Washington,1997,5674747
413,West Virginia,1997,1819113
414,Wisconsin,1997,5266213
415,Wyoming,1997,489451
416,U.S.,1998,275854104
417,Alabama,1998,4404701
418,Alaska,1998,619932
419,Arizona,1998,4883342
420,Arkansas,1998,2626289
421,California,1998,32987675
422,Colorado,1998,4116639
423,Connecticut,1998,3365352
424,Delaware,1998,763335
426,Florida,1998,15486559
427,Georgia,1998,7863536
428,Hawaii,1998,1215233
429,Idaho,1998,1252330
430,Illinois,1998,12271847
431,Indiana,1998,5998880
432,Iowa,1998,2902872
433,Kansas,1998,2660598
434,Kentucky,1998,3985390
435,Louisiana,1998,4440344
436,Maine,1998,1259127
437,Maryland,1998,5204464
438,Massachusetts,1998,6271838
439,Michigan,1998,9847942
440,Minnesota,1998,4813412
441,Mississippi,1998,2804834
442,Missouri,1998,5521765
443,Montana,1998,892431
444,Nebraska,1998,1695816
445,Nevada,1998,1853191
446,New Hampshire,1998,1205940
447,New Jersey,1998,8287418
448,New Mexico,1998,1793484
449,New York,1998,18755906
450,North Carolina,1998,7809121
451,North Dakota,1998,647532
452,Ohio,1998,11311536
453,Oklahoma,1998,3405194
454,Oregon,1998,3352449
455,Pennsylvania,1998,12245672
456,Rhode Island,1998,1031155
457,South Carolina,1998,3919235
458,South Dakota,1998,746058
459,Tennessee,1998,5570045
460,Texas,1998,20157531
461,Utah,1998,2165960
462,Vermont,1998,600416
463,Virginia,1998,6900918
464,Washington,1998,5769562
465,West Virginia,1998,1815609
466,Wisconsin,1998,5297672
467,Wyoming,1998,490787
468,U.S.,1999,279040168
469,Alabama,1999,4430141
470,Alaska,1999,624779
471,Arizona,1999,5023823
472,Arkansas,1999,2651860
473,California,1999,33499204
474,Colorado,1999,4226018
475,Connecticut,1999,3386401
476,Delaware,1999,774990
478,Florida,1999,15759421
479,Georgia,1999,8045965
480,Hawaii,1999,1210300
481,Idaho,1999,1275674
482,Illinois,1999,12359020
483,Indiana,1999,6044969
484,Iowa,1999,2917634
485,Kansas,1999,2678338
486,Kentucky,1999,4018053
487,Louisiana,1999,4460811
488,Maine,1999,1266808
489,Maryland,1999,5254509
490,Massachusetts,1999,6317345
491,Michigan,1999,9897116
492,Minnesota,1999,4873481
493,Mississippi,1999,2828408
494,Missouri,1999,5561948
495,Montana,1999,897507
496,Nebraska,1999,1704764
497,Nevada,1999,1934718
498,New Hampshire,1999,1222014
499,New Jersey,1999,8359592
500,New Mexico,1999,1808082
501,New York,1999,18882725
502,North Carolina,1999,7949361
503,North Dakota,1999,644259
504,Ohio,1999,11335454
505,Oklahoma,1999,3437147
506,Oregon,1999,3393941
507,Pennsylvania,1999,12263805
508,Rhode Island,1999,1040402
509,South Carolina,1999,3974682
510,South Dakota,1999,750412
511,Tennessee,1999,5638706
512,Texas,1999,20558220
513,Utah,1999,2203482
514,Vermont,1999,604683
515,Virginia,1999,7000174
516,Washington,1999,5842564
517,West Virginia,1999,1811799
518,Wisconsin,1999,5332666
519,Wyoming,1999,491780
0,California,1980,23667902
1,New York,1980,17558072
2,Texas,1980,14229191
3,Pennsylvania,1980,11863895
4,Illinois,1980,11426518
5,Ohio,1980,10797630
6,Florida,1980,9746324
7,Michigan,1980,9262078
8,New Jersey,1980,7364823
9,North Carolina,1980,5881766
10,Massachusetts,1980,5737037
11,Indiana,1980,5490224
12,Georgia,1980,5463105
13,Virginia,1980,5346818
14,Missouri,1980,4916686
15,Wisconsin,1980,4705767
16,Tennessee,1980,4591120
17,Maryland,1980,4216975
18,Louisiana,1980,4205900
19,Washington,1980,4132156
20,Minnesota,1980,4075970
21,Alabama,1980,3893888
22,Kentucky,1980,3660777
23,South Carolina,1980,3121820
24,Connecticut,1980,3107576
25,Oklahoma,1980,3025290
26,Iowa,1980,2913808
27,Colorado,1980,2889964
28,Arizona,1980,2718215
29,Oregon,1980,2633105
30,Mississippi,1980,2520638
31,Kansas,1980,2363679
32,Arkansas,1980,2286435
33,West Virginia,1980,1949644
34,Nebraska,1980,1569825
35,Utah,1980,1461037
36,New Mexico,1980,1302894
37,Maine,1980,1124660
38,Hawaii,1980,964691
39,Rhode Island,1980,947154
40,Idaho,1980,943935
41,New Hampshire,1980,920610
42,Nevada,1980,800493
43,Montana,1980,786690
44,South Dakota,1980,690768
45,North Dakota,1980,652717
46,Delaware,1980,594338
47,Vermont,1980,511456
48,Wyoming,1980,469557
49,Alaska,1980,401851
50,U.S.,1980,226545805
51,California,1981,24297063
52,New York,1981,17604343
53,Texas,1981,14511947
54,Pennsylvania,1981,11867835
55,Illinois,1981,11429197
56,Ohio,1981,10804283
57,Florida,1981,10075022
58,Michigan,1981,9267002
59,New Jersey,1981,7404637
60,North Carolina,1981,5959991
61,Massachusetts,1981,5765597
62,Indiana,1981,5496981
63,Georgia,1981,5568054
64,Virginia,1981,5433824
65,Missouri,1981,4937905
66,Wisconsin,1981,4725646
67,Tennessee,1981,4621457
68,Maryland,1981,4275254
69,Louisiana,1981,4207463
70,Washington,1981,4209244
71,Minnesota,1981,4107358
72,Alabama,1981,3909504
73,Kentucky,1981,3664104
74,South Carolina,1981,3159753
75,Connecticut,1981,3126015
76,Oklahoma,1981,3037643
77,Iowa,1981,2900529
78,Colorado,1981,2931729
79,Arizona,1981,2814803
80,Oregon,1981,2655832
81,Mississippi,1981,2526463
82,Kansas,1981,2375446
83,Arkansas,1981,2293450
84,West Virginia,1981,1933934
85,Nebraska,1981,1571008
86,Utah,1981,1488055
87,New Mexico,1981,1324762
88,Maine,1981,1135365
89,Hawaii,1981,979571
90,Rhode Island,1981,953038
91,Idaho,1981,950779
92,New Hampshire,1981,939787
93,Nevada,1981,842513
94,Montana,1981,788041
95,South Dakota,1981,691401
96,North Dakota,1981,651213
97,Delaware,1981,601860
98,Vermont,1981,516790
99,Wyoming,1981,467970
100,Alaska,1981,416994
101,U.S.,1981,228853505
102,California,1982,24926224
103,New York,1982,17650614
104,Texas,1982,14794703
105,Pennsylvania,1982,11871775
106,Illinois,1982,11431877
107,Ohio,1982,10810936
108,Florida,1982,10403720
109,Michigan,1982,9271926
110,New Jersey,1982,7444451
111,North Carolina,1982,6038216
112,Massachusetts,1982,5794157
113,Indiana,1982,5503738
114,Georgia,1982,5673004
115,Virginia,1982,5520831
116,Missouri,1982,4959124
117,Wisconsin,1982,4745526
118,Tennessee,1982,4651794
119,Maryland,1982,4333534
120,Louisiana,1982,4209026
121,Washington,1982,4286333
122,Minnesota,1982,4138747
123,Alabama,1982,3925121
124,Kentucky,1982,3667431
125,South Carolina,1982,3197687
126,Connecticut,1982,3144454
127,Oklahoma,1982,3049997
128,Iowa,1982,2887250
129,Colorado,1982,2973494
130,Arizona,1982,2911391
131,Oregon,1982,2678559
132,Mississippi,1982,2532289
133,Kansas,1982,2387213
134,Arkansas,1982,2300465
135,West Virginia,1982,1918224
136,Nebraska,1982,1572192
137,Utah,1982,1515074
138,New Mexico,1982,1346630
139,Maine,1982,1146071
140,Hawaii,1982,994451
141,Rhode Island,1982,958922
142,Idaho,1982,957624
143,New Hampshire,1982,958964
144,Nevada,1982,884533
145,Montana,1982,789392
146,South Dakota,1982,692034
147,North Dakota,1982,649710
148,Delaware,1982,609383
149,Vermont,1982,522124
150,Wyoming,1982,466383
151,Alaska,1982,432138
152,U.S.,1982,231161206
153,California,1983,25555385
154,New York,1983,17696885
155,Texas,1983,15077460
156,Pennsylvania,1983,11875716
157,Illinois,1983,11434557
158,Ohio,1983,10817589
159,Florida,1983,10732418
160,Michigan,1983,9276850
161,New Jersey,1983,7484265
162,North Carolina,1983,6116441
163,Massachusetts,1983,5822717
164,Indiana,1983,5510496
165,Georgia,1983,5777954
166,Virginia,1983,5607837
167,Missouri,1983,4980344
168,Wisconsin,1983,4765405
169,Tennessee,1983,4682131
170,Maryland,1983,4391813
171,Louisiana,1983,4210589
172,Washington,1983,4363422
173,Minnesota,1983,4170136
174,Alabama,1983,3940738
175,Kentucky,1983,3670758
176,South Carolina,1983,3235620
177,Connecticut,1983,3162893
178,Oklahoma,1983,3062350
179,Iowa,1983,2873971
180,Colorado,1983,3015260
181,Arizona,1983,3007979
182,Oregon,1983,2701286
183,Mississippi,1983,2538115
184,Kansas,1983,2398980
185,Arkansas,1983,2307480
186,West Virginia,1983,1902515
187,Nebraska,1983,1573375
188,Utah,1983,1542092
189,New Mexico,1983,1368498
190,Maine,1983,1156777
191,Hawaii,1983,1009331
192,Rhode Island,1983,964806
193,Idaho,1983,964469
194,New Hampshire,1983,978142
195,Nevada,1983,926553
196,Montana,1983,790744
197,South Dakota,1983,692667
198,North Dakota,1983,648207
199,Delaware,1983,616906
200,Vermont,1983,527458
201,Wyoming,1983,464796
202,Alaska,1983,447282
203,U.S.,1983,233468907
204,California,1984,26184547
205,New York,1984,17743156
206,Texas,1984,15360216
207,Pennsylvania,1984,11879656
208,Illinois,1984,11437237
209,Ohio,1984,10824242
210,Florida,1984,11061117
211,Michigan,1984,9281774
212,New Jersey,1984,7524079
213,North Carolina,1984,6194666
214,Massachusetts,1984,5851277
215,Indiana,1984,5517253
216,Georgia,1984,5882903
217,Virginia,1984,5694844
218,Missouri,1984,5001563
219,Wisconsin,1984,4785285
220,Tennessee,1984,4712468
221,Maryland,1984,4450093
222,Louisiana,1984,4212152
223,Washington,1984,4440510
224,Minnesota,1984,4201524
225,Alabama,1984,3956354
226,Kentucky,1984,3674085
227,South Carolina,1984,3273554
228,Connecticut,1984,3181332
229,Oklahoma,1984,3074704
230,Iowa,1984,2860692
231,Colorado,1984,3057025
232,Arizona,1984,3104567
233,Oregon,1984,2724013
234,Mississippi,1984,2543941
235,Kansas,1984,2410747
236,Arkansas,1984,2314495
237,West Virginia,1984,1886805
238,Nebraska,1984,1574559
239,Utah,1984,1569111
240,New Mexico,1984,1390366
241,Maine,1984,1167483
242,Hawaii,1984,1024211
243,Rhode Island,1984,970690
244,Idaho,1984,971314
245,New Hampshire,1984,997319
246,Nevada,1984,968573
247,Montana,1984,792095
248,South Dakota,1984,693301
249,North Dakota,1984,646704
250,Delaware,1984,624429
251,Vermont,1984,532792
252,Wyoming,1984,463210
253,Alaska,1984,462426
254,U.S.,1984,235776608
255,California,1985,26813708
256,New York,1985,17789427
257,Texas,1985,15642973
258,Pennsylvania,1985,11883597
259,Illinois,1985,11439917
260,Ohio,1985,10830895
261,Florida,1985,11389815
262,Michigan,1985,9286698
263,New Jersey,1985,7563893
264,North Carolina,1985,6272891
265,Massachusetts,1985,5879838
266,Indiana,1985,5524011
267,Georgia,1985,5987853
268,Virginia,1985,5781850
269,Missouri,1985,5022783
270,Wisconsin,1985,4805164
271,Tennessee,1985,4742806
272,Maryland,1985,4508372
273,Louisiana,1985,4213716
274,Washington,1985,4517599
275,Minnesota,1985,4232913
276,Alabama,1985,3971971
277,Kentucky,1985,3677412
278,South Carolina,1985,3311487
279,Connecticut,1985,3199771
280,Oklahoma,1985,3087057
281,Iowa,1985,2847413
282,Colorado,1985,3098790
283,Arizona,1985,3201156
284,Oregon,1985,2746740
285,Mississippi,1985,2549767
286,Kansas,1985,2422514
287,Arkansas,1985,2321510
288,West Virginia,1985,1871095
289,Nebraska,1985,1575742
290,Utah,1985,1596130
291,New Mexico,1985,1412234
292,Maine,1985,1178189
293,Hawaii,1985,1039091
294,Rhode Island,1985,976574
295,Idaho,1985,978159
296,New Hampshire,1985,1016497
297,Nevada,1985,1010593
298,Montana,1985,793447
299,South Dakota,1985,693934
300,North Dakota,1985,645201
301,Delaware,1985,631952
302,Vermont,1985,538126
303,Wyoming,1985,461623
304,Alaska,1985,477570
305,U.S.,1985,238084309
306,California,1986,27442869
307,New York,1986,17835699
308,Texas,1986,15925729
309,Pennsylvania,1986,11887537
310,Illinois,1986,11442596
311,Ohio,1986,10837549
312,Florida,1986,11718513
313,Michigan,1986,9291622
314,New Jersey,1986,7603707
315,North Carolina,1986,6351116
316,Massachusetts,1986,5908398
317,Indiana,1986,5530768
318,Georgia,1986,6092803
319,Virginia,1986,5868857
320,Missouri,1986,5044002
321,Wisconsin,1986,4825044
322,Tennessee,1986,4773143
323,Maryland,1986,4566652
324,Louisiana,1986,4215279
325,Washington,1986,4594688
326,Minnesota,1986,4264302
327,Alabama,1986,3987588
328,Kentucky,1986,3680739
329,South Carolina,1986,3349421
330,Connecticut,1986,3218210
331,Oklahoma,1986,3099411
332,Iowa,1986,2834134
333,Colorado,1986,3140556
334,Arizona,1986,3297744
335,Oregon,1986,2769467
336,Mississippi,1986,2555593
337,Kansas,1986,2434281
338,Arkansas,1986,2328525
339,West Virginia,1986,1855386
340,Nebraska,1986,1576926
341,Utah,1986,1623148
342,New Mexico,1986,1434102
343,Maine,1986,1188895
344,Hawaii,1986,1053971
345,Rhode Island,1986,982458
346,Idaho,1986,985004
347,New Hampshire,1986,1035674
348,Nevada,1986,1052614
349,Montana,1986,794798
350,South Dakota,1986,694567
351,North Dakota,1986,643697
352,Delaware,1986,639475
353,Vermont,1986,543461
354,Wyoming,1986,460036
355,Alaska,1986,492714
356,U.S.,1986,240392010
357,California,1987,28072031
358,New York,1987,17881970
359,Texas,1987,16208485
360,Pennsylvania,1987,11891477
361,Illinois,1987,11445276
362,Ohio,1987,10844202
363,Florida,1987,12047212
364,Michigan,1987,9296546
365,New Jersey,1987,7643521
366,North Carolina,1987,6429341
367,Massachusetts,1987,5936958
368,Indiana,1987,5537525
369,Georgia,1987,6197752
370,Virginia,1987,5955864
371,Missouri,1987,5065221
372,Wisconsin,1987,4844923
373,Tennessee,1987,4803480
374,Maryland,1987,4624931
375,Louisiana,1987,4216842
376,Washington,1987,4671776
377,Minnesota,1987,4295690
378,Alabama,1987,4003204
379,Kentucky,1987,3684066
380,South Carolina,1987,3387354
381,Connecticut,1987,3236649
382,Oklahoma,1987,3111764
383,Iowa,1987,2820855
384,Colorado,1987,3182321
385,Arizona,1987,3394332
386,Oregon,1987,2792194
387,Mississippi,1987,2561419
388,Kansas,1987,2446048
389,Arkansas,1987,2335540
390,West Virginia,1987,1839676
391,Nebraska,1987,1578109
392,Utah,1987,1650167
393,New Mexico,1987,1455970
394,Maine,1987,1199601
395,Hawaii,1987,1068851
396,Rhode Island,1987,988342
397,Idaho,1987,991849
398,New Hampshire,1987,1054851
399,Nevada,1987,1094634
400,Montana,1987,796149
401,South Dakota,1987,695201
402,North Dakota,1987,642194
403,Delaware,1987,646998
404,Vermont,1987,548795
405,Wyoming,1987,458450
406,Alaska,1987,507858
407,U.S.,1987,242699711
408,California,1988,28701192
409,New York,1988,17928241
410,Texas,1988,16491242
411,Pennsylvania,1988,11895418
412,Illinois,1988,11447956
413,Ohio,1988,10850855
414,Florida,1988,12375910
415,Michigan,1988,9301470
416,New Jersey,1988,7683335
417,North Carolina,1988,6507566
418,Massachusetts,1988,5965518
419,Indiana,1988,5544283
420,Georgia,1988,6302702
421,Virginia,1988,6042870
422,Missouri,1988,5086441
423,Wisconsin,1988,4864803
424,Tennessee,1988,4833817
425,Maryland,1988,4683211
426,Louisiana,1988,4218405
427,Washington,1988,4748865
428,Minnesota,1988,4327079
429,Alabama,1988,4018821
430,Kentucky,1988,3687393
431,South Carolina,1988,3425288
432,Connecticut,1988,3255088
433,Oklahoma,1988,3124118
434,Iowa,1988,2807576
435,Colorado,1988,3224087
436,Arizona,1988,3490920
437,Oregon,1988,2814921
438,Mississippi,1988,2567245
439,Kansas,1988,2457815
440,Arkansas,1988,2342555
441,West Virginia,1988,1823967
442,Nebraska,1988,1579293
443,Utah,1988,1677185
444,New Mexico,1988,1477838
445,Maine,1988,1210307
446,Hawaii,1988,1083731
447,Rhode Island,1988,994226
448,Idaho,1988,998694
449,New Hampshire,1988,1074029
450,Nevada,1988,1136654
451,Montana,1988,797501
452,South Dakota,1988,695834
453,North Dakota,1988,640691
454,Delaware,1988,654521
455,Vermont,1988,554129
456,Wyoming,1988,456863
457,Alaska,1988,523002
458,U.S.,1988,245007412
459,California,1989,29330353
460,New York,1989,17974512
461,Texas,1989,16773998
462,Pennsylvania,1989,11899358
463,Illinois,1989,11450636
464,Ohio,1989,10857508
465,Florida,1989,12704608
466,Michigan,1989,9306394
467,New Jersey,1989,7723149
468,North Carolina,1989,6585791
469,Massachusetts,1989,5994078
470,Indiana,1989,5551040
471,Georgia,1989,6407652
472,Virginia,1989,6129877
473,Missouri,1989,5107660
474,Wisconsin,1989,4884682
475,Tennessee,1989,4864154
476,Maryland,1989,4741490
477,Louisiana,1989,4219968
478,Washington,1989,4825954
479,Minnesota,1989,4358468
480,Alabama,1989,4034438
481,Kentucky,1989,3690720
482,South Carolina,1989,3463221
483,Connecticut,1989,3273527
484,Oklahoma,1989,3136471
485,Iowa,1989,2794297
486,Colorado,1989,3265852
487,Arizona,1989,3587508
488,Oregon,1989,2837648
489,Mississippi,1989,2573071
490,Kansas,1989,2469582
491,Arkansas,1989,2349570
492,West Virginia,1989,1808257
493,Nebraska,1989,1580476
494,Utah,1989,1704204
495,New Mexico,1989,1499706
496,Maine,1989,1221013
497,Hawaii,1989,1098611
498,Rhode Island,1989,1000110
499,Idaho,1989,1005539
500,New Hampshire,1989,1093206
501,Nevada,1989,1178674
502,Montana,1989,798852
503,South Dakota,1989,696467
504,North Dakota,1989,639188
505,Delaware,1989,662044
506,Vermont,1989,559463
507,Wyoming,1989,455276
508,Alaska,1989,538146
509,U.S.,1989,247315113
